,shd,time
0,7.268460829370451,7.658600198154215
1,10.37264601946022,10.165608950428117
2,16.659842138797707,18.387085423119867
3,11.337699063218059,44.14252188203632
4,27.327139906851226,63.354168712398746
