shd,time
8,6.870419073922885
12,9.674031556601479
9,17.911290173906732
17,42.770548205079024
16,63.86643587690253
