shd,time
5,157.57699209284382
10,181.10116894012185
21,237.3233410521777
33,330.8005103112455
58,473.24407643437047
