,shd,time
5,5.08361008481419,157.85175390641754
6,7.754493040717036,181.0513611609177
7,20.685119688862578,236.93563498853624
8,48.32162199230868,331.02037855245925
9,97.53665698006793,474.6305900089368
