shd,time
11,33.33068721139637
19,107.83685312437095
37,268.87930823142483
65,642.3298620614279
86,1108.4921747941964
