,shd,time
10,9.85541623862121,30.715941401999924
11,27.657516745035647,91.43437704927067
12,38.3330007328705,238.35135093434002
13,56.75695674948826,589.599929762998
14,58.88158992476719,1160.543448772341
