i,train,val
0,7200479600000.0,7200479600000.0
5000,11568721000.0,11562498000.0
10000,973870900.0,973408400.0
15000,92650560.0,92607400.0
20000,9113089.0,9108862.0
25000,928793.0,928352.44
30000,99588.83,99523.28
35000,11552.436,11525.875
40000,1538.353,1516.1567
45000,273.79974,252.2292
50000,104.99602,83.42848
55000,99.17139,77.54035
60000,99.17145,77.53825
65000,99.171455,77.53916
